cell_type	cell_count	percent
Tumor_Epithelial	1242	35.43509272467903
Activated_Tcell	719	20.513552068473608
Macrophage	460	13.12410841654779
NK_cell	435	12.410841654778887
T_cell	233	6.6476462196861625
Plasma_cell	205	5.848787446504993
Fibroblast	151	4.3081312410841655
Dendritic_APC	35	0.9985734664764622
Endothelial	25	0.7132667617689016
